{
	"R0SRR1738120XX":0.343589704390077,"R0SRR1738121XX":0.488580014818671,"R0SRR1738122XX":0.3293037471426,"R0SRR1738123XX":0.518793793415168,"R0SRR1738124XX":0.385262400790645,"R0SRR1738125XX":0.482426149244293,"R0SRR1738126XX":0.536493370514568,"R0SRR1738127XX":0.350656871613169,"R0SRR1738128XX":0.357674444271816,"R0SRR1738129XX":0.542324290825362
}