{
  "R0SRR1738120XX":1.71018781553424,"R0SRR1738121XX":1.81645208181843,"R0SRR1738122XX":2.29455292129678,"R0SRR1738123XX":2.15755932094379,"R0SRR1738124XX":2.15871472257434,"R0SRR1738125XX":1.9823798288367,"R0SRR1738126XX":2.06686275947298,"R0SRR1738127XX":1.89160480419777,"R0SRR1738128XX":2.06559613485778,"R0SRR1738129XX":2.17247640764703
}